epoch,accuracy,loss,val_accuracy,val_loss
0,0.5025062561035156,1.0770286321640015,0.6038251519203186,0.8991092443466187
